{
  "trained_at": "2026-05-08T12:34:10.940406+00:00",
  "results": [
    {
      "dataset": "cic_ids2018",
      "rows_used": 250000,
      "features": 78,
      "model_path": "/Users/ahmed/Downloads/council_of_agents_v2/data/models/network_threat_model.joblib",
      "metrics": {
        "accuracy": 0.99792,
        "precision": 0.9907477341389728,
        "recall": 0.9994285714285714,
        "f1": 0.9950692205575574
      }
    },
    {
      "dataset": "cic_malmem",
      "rows_used": 58596,
      "features": 55,
      "model_path": "/Users/ahmed/Downloads/council_of_agents_v2/data/models/memory_threat_model.joblib",
      "metrics": {
        "accuracy": 0.991296928327645,
        "precision": 0.9864819195674214,
        "recall": 0.9962457337883959,
        "f1": 0.9913397860417728
      }
    }
  ]
}